Workbook

Sheet Planilha1
A1: Categoria | B1: Lucro%
A2: Vestuário | B2: 0.4
A3: El.Domestico | B3: 0.65
A4: Mat. Escolar | B4: 0.53

Sheet Planilha2
A1: MERCADORIA | B1: CATEGORIA | C1: Valor Compra | D1: Qt.Comprada | E1: Valor Venda | F1: Qt.Vendida | G1: Venda Estimada | H1: Relatório | I1: Compra do Mês | J1: Venda do Mês
A2: Camisa | B2: Vestuário | C2: 1.5 | D2: 250 | E2: =IF(B2=Planilha1!$A$2,C2+(C2*Planilha1!$B$2),IF(B2=Planilha1!$A$3,C2+(C2*Planilha1!$B$3),IF(B2=Planilha1!$A$4,C2+(C2*Planilha1!$B$4),0))) -> 2.1 | F2: 150 | G2: 200 | H2: =IF(F2<G2,"INSUFICIENTE","SUFICIENTE") -> INSUFICIENTE | I2: =C2*D2 -> 375 | J2: =E2*F2 -> 315
A3: Calça | B3: Vestuário | C3: 2.3 | D3: 300 | E3: =IF(B3=Planilha1!$A$2,C3+(C3*Planilha1!$B$2),IF(B3=Planilha1!$A$3,C3+(C3*Planilha1!$B$3),IF(B3=Planilha1!$A$4,C3+(C3*Planilha1!$B$4),0))) -> 3.22 | F3: 264 | G3: 200 | H3: =IF(F3<G3,"INSUFICIENTE","SUFICIENTE") -> SUFICIENTE | I3: =C3*D3 -> 690 | J3: =E3*F3 -> 850.08
A4: Panela | B4: El.Domestico | C4: 4.2 | D4: 300 | E4: =IF(B4=Planilha1!$A$2,C4+(C4*Planilha1!$B$2),IF(B4=Planilha1!$A$3,C4+(C4*Planilha1!$B$3),IF(B4=Planilha1!$A$4,C4+(C4*Planilha1!$B$4),0))) -> 6.93 | F4: 251 | G4: 250 | H4: =IF(F4<G4,"INSUFICIENTE","SUFICIENTE") -> SUFICIENTE | I4: =C4*D4 -> 1260 | J4: =E4*F4 -> 1739.43
A5: TV | B5: El.Domestico | C5: 235 | D5: 500 | E5: =IF(B5=Planilha1!$A$2,C5+(C5*Planilha1!$B$2),IF(B5=Planilha1!$A$3,C5+(C5*Planilha1!$B$3),IF(B5=Planilha1!$A$4,C5+(C5*Planilha1!$B$4),0))) -> 387.75 | F5: 108 | G5: 450 | H5: =IF(F5<G5,"INSUFICIENTE","SUFICIENTE") -> INSUFICIENTE | I5: =C5*D5 -> 117500 | J5: =E5*F5 -> 41877
A6: Mesa | B6: El.Domestico | C6: 185 | D6: 1000 | E6: =IF(B6=Planilha1!$A$2,C6+(C6*Planilha1!$B$2),IF(B6=Planilha1!$A$3,C6+(C6*Planilha1!$B$3),IF(B6=Planilha1!$A$4,C6+(C6*Planilha1!$B$4),0))) -> 305.25 | F6: 321 | G6: 850 | H6: =IF(F6<G6,"INSUFICIENTE","SUFICIENTE") -> INSUFICIENTE | I6: =C6*D6 -> 185000 | J6: =E6*F6 -> 97985.25
A7: Tênis | B7: Vestuário | C7: 110 | D7: 1000 | E7: =IF(B7=Planilha1!$A$2,C7+(C7*Planilha1!$B$2),IF(B7=Planilha1!$A$3,C7+(C7*Planilha1!$B$3),IF(B7=Planilha1!$A$4,C7+(C7*Planilha1!$B$4),0))) -> 154 | F7: 254 | G7: 650 | H7: =IF(F7<G7,"INSUFICIENTE","SUFICIENTE") -> INSUFICIENTE | I7: =C7*D7 -> 110000 | J7: =E7*F7 -> 39116
A8: Geladeira | B8: El.Domestico | C8: 575 | D8: 100 | E8: =IF(B8=Planilha1!$A$2,C8+(C8*Planilha1!$B$2),IF(B8=Planilha1!$A$3,C8+(C8*Planilha1!$B$3),IF(B8=Planilha1!$A$4,C8+(C8*Planilha1!$B$4),0))) -> 948.75 | F8: 50 | G8: 50 | H8: =IF(F8<G8,"INSUFICIENTE","SUFICIENTE") -> SUFICIENTE | I8: =C8*D8 -> 57500 | J8: =E8*F8 -> 47437.5
A9: Blusas | B9: Vestuário | C9: 65 | D9: 250 | E9: =IF(B9=Planilha1!$A$2,C9+(C9*Planilha1!$B$2),IF(B9=Planilha1!$A$3,C9+(C9*Planilha1!$B$3),IF(B9=Planilha1!$A$4,C9+(C9*Planilha1!$B$4),0))) -> 91 | F9: 78 | G9: 980 | H9: =IF(F9<G9,"INSUFICIENTE","SUFICIENTE") -> INSUFICIENTE | I9: =C9*D9 -> 16250 | J9: =E9*F9 -> 7098
A10: Meia | B10: Vestuário | C10: 12 | D10: 450 | E10: =IF(B10=Planilha1!$A$2,C10+(C10*Planilha1!$B$2),IF(B10=Planilha1!$A$3,C10+(C10*Planilha1!$B$3),IF(B10=Planilha1!$A$4,C10+(C10*Planilha1!$B$4),0))) -> 16.8 | F10: 278 | G10: 400 | H10: =IF(F10<G10,"INSUFICIENTE","SUFICIENTE") -> INSUFICIENTE | I10: =C10*D10 -> 5400 | J10: =E10*F10 -> 4670.4
A11: Cartolina | B11: Mat. Escolar | C11: 0.8 | D11: 150 | E11: =IF(B11=Planilha1!$A$2,C11+(C11*Planilha1!$B$2),IF(B11=Planilha1!$A$3,C11+(C11*Planilha1!$B$3),IF(B11=Planilha1!$A$4,C11+(C11*Planilha1!$B$4),0))) -> 1.224 | F11: 140 | G11: 130 | H11: =IF(F11<G11,"INSUFICIENTE","SUFICIENTE") -> SUFICIENTE | I11: =C11*D11 -> 120 | J11: =E11*F11 -> 171.36
A12: Sofá | B12: El.Domestico | C12: 365 | D12: 350 | E12: =IF(B12=Planilha1!$A$2,C12+(C12*Planilha1!$B$2),IF(B12=Planilha1!$A$3,C12+(C12*Planilha1!$B$3),IF(B12=Planilha1!$A$4,C12+(C12*Planilha1!$B$4),0))) -> 602.25 | F12: 200 | G12: 255 | H12: =IF(F12<G12,"INSUFICIENTE","SUFICIENTE") -> INSUFICIENTE | I12: =C12*D12 -> 127750 | J12: =E12*F12 -> 120450
A13: Lápis | B13: Mat. Escolar | C13: 0.1 | D13: 3000 | E13: =IF(B13=Planilha1!$A$2,C13+(C13*Planilha1!$B$2),IF(B13=Planilha1!$A$3,C13+(C13*Planilha1!$B$3),IF(B13=Planilha1!$A$4,C13+(C13*Planilha1!$B$4),0))) -> 0.153 | F13: 1000 | G13: 1500 | H13: =IF(F13<G13,"INSUFICIENTE","SUFICIENTE") -> INSUFICIENTE | I13: =C13*D13 -> 300 | J13: =E13*F13 -> 153
... A24: Luvas | B24: Vestuário | C24: 2.8 | D24: 50 | E24: =IF(B24=Planilha1!$A$2,C24+(C24*Planilha1!$B$2),IF(B24=Planilha1!$A$3,C24+(C24*Planilha1!$B$3),IF(B24=Planilha1!$A$4,C24+(C24*Planilha1!$B$4),0))) -> 3.92 | F24: 42 | G24: 35 | H24: =IF(F24<G24,"INSUFICIENTE","SUFICIENTE") -> SUFICIENTE | I24: =C24*D24 -> 140 | J24: =E24*F24 -> 164.64
A26: Valor de Venda: SE a CATEGORIA = vestuario, o valor de venda deverá ter um acrescimo de 40%, senão SE a CATEGORIA = El.Domestico, o valor de venda deverá ter um acrescimo de 65%, senão SE a CATEGORIA = Mat.Escolar, então calor de compra deverá ter acrescimo de 53%, senão é nada.
A29: Relatório: (função) se a qt. vendida for menor que a venda estimada exibir Insuficiente senão suficiente
A30: Compra do Mês: valor de compra*qt. comprada.
A31: Venda do Mês: valor de venda*qt. vendida.
