Workbook
Name DADOS: 'INDICE + CORRESP 3'!$A$3:$E$33
Name DATAS: 'INDICE + CORRESP 3'!$A$3:$A$33
Name MOEDAS: 'INDICE + CORRESP 3'!$A$2:$E$2

Sheet INDICE_CORRESP 1
A1: VENDAS | H1: SELECIONE
A2: VENDEDOR | B2: 2013 | C2: 2014 | D2: 2015 | E2: 2016 | F2: 2017 | H2: VENDEDOR | I2: ANA
A3: PAULO | B3: 23000 | C3: 34000 | D3: 45690 | E3: 345890 | F3: 21345 | H3: ANO | I3: 2015
A4: ANA | B4: 34000 | C4: 45900 | D4: 34560 | E4: 43234 | F4: 54367
A5: PEDRO | B5: 23400 | C5: 34000 | D5: 9876 | E5: 65432 | F5: 98765
A6: RAFAEL | B6: 45800 | C6: 56800 | D6: 56789 | E6: 67899 | F6: 34567
A7: ANA | B7: 56900 | C7: 12340 | D7: 45678 | E7: 43212 | F7: 45566 | H7: QUANT VENDAS
A8: BIA | B8: 12388 | C8: 8990 | D8: 34567 | E8: 65432 | F8: 34566 | H8: =INDEX(B3:F9,MATCH(I2,A3:A9,0),MATCH(I3,B2:F2,0)) -> 34560
A9: CARLOS | B9: 34567 | C9: 6789 | D9: 23456 | E9: 78997 | F9: 23444 | H9: PROCURE NA MATRIZ INTEIRA; CORRESPONDENTE AO VENDEDOR E AO ANO; A QUANT DE VENDAS
A11: PARA FAZER A FUNÇÃO INDICE COM O CORRESP NOS DEVEREMOS SEGUIR OS SEGUITES PASSOS:
A12: 1) ENTRAR COM A FUNÇÃO INDICE E DELIMITAR A MATRIZ QUE CONTEM OS VALORES A SEREM PESQUISADOS
A13: 2) DENTRO DA FUNÇÃO INDICE, ENTRE COM A FUNÇÃO CORRESP E CLIQUE SOBRE O LOCAL ONDE SE OBTERA O DADO; NA SEQUENCIA SELECIONE A MATRIZ DE DADOS QUE CONTEM A LISTA CORRESPONDENTE AO DADO DESEJADO; E EM SEGUIDA 0 SE FOREM VALORES EXATOS; FAÇA QUANTOS CORREPS FOREM NECESSÁRIOS PARA OBTER A CONSULTA DESEJADA usando a mesma sequencia
A19: OBS: SEPAREM CADA FUNÇÃO E OS DADOS SELECIONADOS COM ";" E COLOQUE OS DADOS DE CADA FUNÇÃO ENTRE PARENTESES

Sheet INDICE+CORRESP 2
A1: PAÍS | B1: CAPITAL | C1: POPULAÇAO | E1: CAPITAL | F1: ASSUNCAO
A2: JAPAO | B2: TOQUIO | C2: 127000000 | E2: PAÍS | F2: =INDEX(A2:A25,MATCH(F1,B2:B25,0)) -> PARAGUAI
A3: CANADA | B3: MONTREAL | C3: 36290000 | E3: POPULAÇAO | F3: =INDEX(C2:C25,MATCH(F1,B2:B25,0)) -> 6730000
A4: EUA | B4: WASHINTON | C4: 325000000
A5: BRASIL | B5: BRASILIA | C5: 207000000 | E5: DIGITE A CAPITAL DESEJADA E ENCONTRE O PAIS E A POPULAÇAO
A6: CHILE | B6: SANTIAGO | C6: 17910000
A7: ARGENTINA | B7: BUENOS AIRES | C7: 42980000 | E7: INICIE COM A FUNÇAO INDICE E SELECIONE TODA A TABELA; EM SGUINDA ABRA A FUNCÃO CORRESP E CLIQUE NA CELULA ONDE IRA DIGITAR O DADO PROCURADO; NA SEQUENCIA SELECIONE OS DADOS CORRESPONDENTES NA TABELA; COLOQUE 0 OU 1; ABRA OUTRO CORRESP E SIGA OS MESMOS PASSOS, OU SEJA, CLIQUE NA CELULA ONDE ESTA ESCRITO PAIS, POIS É O TITULO QUE VOCE DESEJA PROCURAR, E NA SEQUENCIA CLIQUE NOS TITULOS DA TABELA
A8: FRANÇA | B8: PARIS | C8: 66900000
A9: ITALIA | B9: ROMA | C9: 60600000
A10: INGLATERRA | B10: LONDRES | C10: 53010000
A11: TAILANDIA | B11: BANKOK | C11: 68860000
A12: COREIA SUL | B12: SEUL | C12: 51250000
A13: PERU | B13: LIMA | C13: 31770000
A14: VENEZUELA | B14: CARACAS | C14: 31570000
A15: EGITO | B15: CAIRO | C15: 95690000
A16: MEXICO | B16: CIDADE DO MEXICO | C16: 127500000
A17: RUSSIA | B17: MOSCOU | C17: 144300000
A18: COLOMBIA | B18: BOGOTA | C18: 48650000
A19: GRECIA | B19: ATENAS | C19: 10750000
... A25: ESCOCIA | B25: EDINBURGO | C25: 5225000

Sheet INDICE + CORRESP 3
A1: CAMBIO - MOEDAS | G1: ESCOLHA A MOEDA | I1: DOLAR
A2: DATA | B2: REAL | C2: DOLAR | D2: DOLAR_CANADENSE | E2: EURO | G2: ESCOLHA A DATA | I2: 43246
A3: 43221 | B3: 1 | C3: 3.56 | D3: 2.76 | E3: 4.19 | G3: RESULTADO | I3: =INDEX(B3:E33,MATCH(I2,DATAS,0),MATCH(I1,B2:E2,0)) -> 3.44
A4: 43222 | B4: 1 | C4: 3.45 | D4: 2.75 | E4: 4.22
A5: 43223 | B5: 1 | C5: 3.55 | D5: 2.75 | E5: 4.23
A6: 43224 | B6: 1 | C6: 3.54 | D6: 2.66 | E6: 4.1
A7: 43225 | B7: 1 | C7: 3.53 | D7: 2.78 | E7: 4.22
A8: 43226 | B8: 1 | C8: 3.44 | D8: 2.76 | E8: 4.2
A9: 43227 | B9: 1 | C9: 3.45 | D9: 2.7 | E9: 4.18 | G9: AQUI EU CHAMEI DE DADOS A PLANILHA INTEIRA, SEM OS TITULOS
A10: 43228 | B10: 1 | C10: 3.29 | D10: 2.87 | E10: 4.2 | G10: CHAMEI DE DATA A COLUNA DE DATAS, SEM OS TITULOS
A11: 43229 | B11: 1 | C11: 3.31 | D11: 2.77 | E11: 4.12 | G11: CHAMEI DE MOEDAS SOMENTE A LINHA DOS TITULOS
A12: 43230 | B12: 1 | C12: 3.3 | D12: 2.71 | E12: 4.21 | G12: COMECE A FUNÇAO CORRESP PELA DATA POIS ELA É O PRIMEIRO VALOR DA COLUNA SER PROCURADA
A13: 43231 | B13: 1 | C13: 3.56 | D13: 2.76 | E13: 4.19
A14: 43232 | B14: 1 | C14: 3.45 | D14: 2.75 | E14: 4.22
A15: 43233 | B15: 1 | C15: 3.55 | D15: 2.75 | E15: 4.23
A16: 43234 | B16: 1 | C16: 3.54 | D16: 2.66 | E16: 4.1
A17: 43235 | B17: 1 | C17: 3.53 | D17: 2.78 | E17: 4.22
A18: 43236 | B18: 1 | C18: 3.44 | D18: 2.76 | E18: 4.2
A19: 43237 | B19: 1 | C19: 3.45 | D19: 2.7 | E19: 4.18
A20: 43238 | B20: 1 | C20: 3.29 | D20: 2.87 | E20: 4.2
A21: 43239 | B21: 1 | C21: 3.31 | D21: 2.77 | E21: 4.12
A22: 43240 | B22: 1 | C22: 3.3 | D22: 2.71 | E22: 4.21
A23: 43241 | B23: 1 | C23: 3.56 | D23: 2.76 | E23: 4.19
A24: 43242 | B24: 1 | C24: 3.45 | D24: 2.75 | E24: 4.22
... A33: 43251 | B33: 1 | C33: 3.32 | D33: 2.8 | E33: 4.12

Sheet MEDICOS
A1: TABELA DE ATENDIMENTO MEDICO - POSTO DE SAUDE
A2: MEDICO | B2: ESPECIALIDADE | C2: HORARIO | D2: DIA DE ATENDIMENTO
A3: DR CARLOS H | B3: PEDIATRIA | C3: 08h AS 16h | D3: segunda
A4: DR BETH | B4: CARDIOLOGIA | C4: 08h as 17h | D4: terça
A5: DR JOSE | B5: ODONTOLOGIA | C5: 09h as 18h | D5: segunda
A6: DR NADIA | B6: OTORRINO | C6: 09h as 17h30 | D6: quarta
A7: DR EDUARDO | B7: LARINGOLOGISTA | C7: 08h as 18h | D7: segunda
A8: DR FABIO | B8: GINECOLOGIA | C8: 08h AS 16h | D8: quinta
A9: DR TANIA | B9: CLINICO GERAL | C9: 08h as 17h | D9: segunda
A10: DR BRUNO | B10: ORTOPEDIA | C10: 09h as 18h | D10: terça
A11: DR BETO | B11: GASTRO | C11: 09h as 17h30 | D11: quarta
A12: DR FABRICIO | B12: FONO | C12: 08h as 18h | D12: quinta
A13: DR GABRIEL | B13: CIRURGIÃO | C13: 08h AS 16h | D13: sexta
... A16: DR CARLOS | B16: REUMATOLOGISTA | C16: 09h as 17h30 | D16: terça

Sheet CONSULTAS
A1: AGENDA PACIENTES | H1: INICIALMENTE COLOQUE UMA VALIDAÇAO DE DADOS NA COLUNA ESPECIALIDADE
A2: N | B2: PACIENTE | C2: ESPECIALIDADE | D2: MEDICO | E2: HORARIO | F2: DIA SEMANA
A3: 1 | B3: ANA | C3: LARINGOLOGISTA | D3: =INDEX(MEDICOS!$A$3:$A$16,MATCH(CONSULTAS!C3,MEDICOS!$B$3:$B$16,0)) -> DR EDUARDO | E3: =INDEX(MEDICOS!$C$3:$C$16,MATCH(CONSULTAS!D3,MEDICOS!$A$3:$A$16,0)) -> 08h as 18h | F3: =INDEX(MEDICOS!$D$3:$D$16,MATCH(CONSULTAS!E3,MEDICOS!$C$3:$C$16,0)) -> segunda | H3: NA COLUNA MEDICO: INICIE COM INDICE E SELECIONE OS DADOS DA TABELA, SEM OS TITULOS; EM SEGUIDA COLOQUE A FUNCAO CORRESP E CLIQUE NA CELULA QUE SERA PROCURADA E DEPOIS SELECIONE A COLUNA CORRESPONDENTE NA PLANILHA DE DADOS; COLOQUE 0; E EM SEGUIDA COLOUQE O NUMERO CORRESPONDENTE A COLUNA QUE CONTEM OS DADOS DA PLAINHA DE DADOS
A4: 2 | B4: JOAN | C4: CARDIOLOGIA | D4: =INDEX(MEDICOS!$A$3:$A$16,MATCH(CONSULTAS!C4,MEDICOS!$B$3:$B$16,0)) -> DR BETH | E4: =INDEX(MEDICOS!$C$3:$C$16,MATCH(CONSULTAS!D4,MEDICOS!$A$3:$A$16,0)) -> 08h as 17h | F4: =INDEX(MEDICOS!$D$3:$D$16,MATCH(CONSULTAS!E4,MEDICOS!$C$3:$C$16,0)) -> terça
A5: 3 | B5: VANIA | C5: CARDIOLOGIA | D5: =INDEX(MEDICOS!$A$3:$A$16,MATCH(CONSULTAS!C5,MEDICOS!$B$3:$B$16,0)) -> DR BETH | E5: =INDEX(MEDICOS!$C$3:$C$16,MATCH(CONSULTAS!D5,MEDICOS!$A$3:$A$16,0)) -> 08h as 17h | F5: =INDEX(MEDICOS!$D$3:$D$16,MATCH(CONSULTAS!E5,MEDICOS!$C$3:$C$16,0)) -> terça
A6: 4 | B6: IVO | C6: ORTOPEDIA | D6: =INDEX(MEDICOS!$A$3:$A$16,MATCH(CONSULTAS!C6,MEDICOS!$B$3:$B$16,0)) -> DR BRUNO | E6: =INDEX(MEDICOS!$C$3:$C$16,MATCH(CONSULTAS!D6,MEDICOS!$A$3:$A$16,0)) -> 09h as 18h | F6: =INDEX(MEDICOS!$D$3:$D$16,MATCH(CONSULTAS!E6,MEDICOS!$C$3:$C$16,0)) -> segunda
A7: 5 | B7: IGOR | C7: CARDIOLOGIA | D7: =INDEX(MEDICOS!$A$3:$A$16,MATCH(CONSULTAS!C7,MEDICOS!$B$3:$B$16,0)) -> DR BETH | E7: =INDEX(MEDICOS!$C$3:$C$16,MATCH(CONSULTAS!D7,MEDICOS!$A$3:$A$16,0)) -> 08h as 17h | F7: =INDEX(MEDICOS!$D$3:$D$16,MATCH(CONSULTAS!E7,MEDICOS!$C$3:$C$16,0)) -> terça
A8: 6 | B8: TAIS | C8: OTORRINO | D8: =INDEX(MEDICOS!$A$3:$A$16,MATCH(CONSULTAS!C8,MEDICOS!$B$3:$B$16,0)) -> DR NADIA | E8: =INDEX(MEDICOS!$C$3:$C$16,MATCH(CONSULTAS!D8,MEDICOS!$A$3:$A$16,0)) -> 09h as 17h30 | F8: =INDEX(MEDICOS!$D$3:$D$16,MATCH(CONSULTAS!E8,MEDICOS!$C$3:$C$16,0)) -> quarta | H8: FAÇA O MESMO PARA AS COLUNAS HORARIO E DIA DA SEMANA
A9: 7 | B9: VICK | C9: LARINGOLOGISTA | D9: =INDEX(MEDICOS!$A$3:$A$16,MATCH(CONSULTAS!C9,MEDICOS!$B$3:$B$16,0)) -> DR EDUARDO | E9: =INDEX(MEDICOS!$C$3:$C$16,MATCH(CONSULTAS!D9,MEDICOS!$A$3:$A$16,0)) -> 08h as 18h | F9: =INDEX(MEDICOS!$D$3:$D$16,MATCH(CONSULTAS!E9,MEDICOS!$C$3:$C$16,0)) -> segunda
A10: 8 | B10: BIA | C10: CLINICO GERAL | D10: =INDEX(MEDICOS!$A$3:$A$16,MATCH(CONSULTAS!C10,MEDICOS!$B$3:$B$16,0)) -> DR TANIA | E10: =INDEX(MEDICOS!$C$3:$C$16,MATCH(CONSULTAS!D10,MEDICOS!$A$3:$A$16,0)) -> 08h as 17h | F10: =INDEX(MEDICOS!$D$3:$D$16,MATCH(CONSULTAS!E10,MEDICOS!$C$3:$C$16,0)) -> terça
A11: 9 | B11: RAFA | C11: NUTRICIONISTA | D11: =INDEX(MEDICOS!$A$3:$A$16,MATCH(CONSULTAS!C11,MEDICOS!$B$3:$B$16,0)) -> DR JOAO | E11: =INDEX(MEDICOS!$C$3:$C$16,MATCH(CONSULTAS!D11,MEDICOS!$A$3:$A$16,0)) -> 09h as 18h | F11: =INDEX(MEDICOS!$D$3:$D$16,MATCH(CONSULTAS!E11,MEDICOS!$C$3:$C$16,0)) -> segunda
