Workbook

Sheet Planilha1
A1: TABELA DE % | D1: TABELA DE DESCONTOS | G1: TIPOS
A2: PROD A | B2: 0.1 | D2: PROD A | E2: 50 | G2: PROD A | H2: QUARTO
A3: PROD B | B3: 0.15 | D3: PROD B | E3: 75 | G3: PROD B | H3: COZINHA
A4: PROD C | B4: 0.2 | D4: PROD C | E4: 100 | G4: PROD C | H4: SALA
A6: SE O TIPO FOR IGUAL QUARTO DEVERA APARECER PROD A, SENAO SE FOR COZINHA DEVERÁ APARECER PROD B, SENAO SE FOR SALA DEVERA APARECER PROD C
A8: SE O TIPO DO PRODUTO FOR A E A QUANTIDADE COMPRADA FOR MAIOR QUE 3 DESCONTO DE 50,00, SENAO SE O PRODUTO FOR B DESCONTO DE 75 E SE FOR C DESCONTO DE 100

Sheet Planilha2
A1: PEÇA | B1: TIPO | C1: VALOR | D1: QUANT | E1: TOTAL | F1: TIPO DE PRODUTO | G1: TOTAL A PAGAR
A2: ARMARIO | B2: COZINHA | C2: 200 | D2: 1 | E2: =C2*D2 -> 200 | F2: =IF(B2=Planilha1!$H$2,Planilha1!$G$2,IF(B2=Planilha1!$H$3,Planilha1!$G$3,IF(B2=Planilha1!$H$4,Planilha1!$G$4,0))) -> PROD B | G2: =IF(F2=Planilha1!$D$2,E3-Planilha1!$E$2,IF(F2=Planilha1!$D$3,E2-Planilha1!$E$3,IF(F2=Planilha1!$D$4,E2-Planilha1!$E$4,0)))+IF(D2>3,Planilha1!$E$2,0) -> 125
A3: CAMA | B3: QUARTO | C3: 300 | D3: 2 | E3: =C3*D3 -> 600 | F3: =IF(B3=Planilha1!$H$2,Planilha1!$G$2,IF(B3=Planilha1!$H$3,Planilha1!$G$3,IF(B3=Planilha1!$H$4,Planilha1!$G$4,0))) -> PROD A | G3: =IF(F3=Planilha1!$D$2,E4-Planilha1!$E$2,IF(F3=Planilha1!$D$3,E3-Planilha1!$E$3,IF(F3=Planilha1!$D$4,E3-Planilha1!$E$4,0)))+IF(D3>3,Planilha1!$E$2,0) -> 1150
A4: MESA | B4: COZINHA | C4: 400 | D4: 3 | E4: =C4*D4 -> 1200 | F4: =IF(B4=Planilha1!$H$2,Planilha1!$G$2,IF(B4=Planilha1!$H$3,Planilha1!$G$3,IF(B4=Planilha1!$H$4,Planilha1!$G$4,0))) -> PROD B | G4: =IF(F4=Planilha1!$D$2,E5-Planilha1!$E$2,IF(F4=Planilha1!$D$3,E4-Planilha1!$E$3,IF(F4=Planilha1!$D$4,E4-Planilha1!$E$4,0)))+IF(D4>3,Planilha1!$E$2,0) -> 1125
A5: CADEIRA | B5: COZINHA | C5: 500 | D5: 4 | E5: =C5*D5 -> 2000 | F5: =IF(B5=Planilha1!$H$2,Planilha1!$G$2,IF(B5=Planilha1!$H$3,Planilha1!$G$3,IF(B5=Planilha1!$H$4,Planilha1!$G$4,0))) -> PROD B | G5: =IF(F5=Planilha1!$D$2,E6-Planilha1!$E$2,IF(F5=Planilha1!$D$3,E5-Planilha1!$E$3,IF(F5=Planilha1!$D$4,E5-Planilha1!$E$4,0)))+IF(D5>3,Planilha1!$E$2,0) -> 1975
A6: COMODA | B6: QUARTO | C6: 600 | D6: 5 | E6: =C6*D6 -> 3000 | F6: =IF(B6=Planilha1!$H$2,Planilha1!$G$2,IF(B6=Planilha1!$H$3,Planilha1!$G$3,IF(B6=Planilha1!$H$4,Planilha1!$G$4,0))) -> PROD A | G6: =IF(F6=Planilha1!$D$2,E7-Planilha1!$E$2,IF(F6=Planilha1!$D$3,E6-Planilha1!$E$3,IF(F6=Planilha1!$D$4,E6-Planilha1!$E$4,0)))+IF(D6>3,Planilha1!$E$2,0) -> 4200
A7: GUARDA ROUPA | B7: QUARTO | C7: 700 | D7: 6 | E7: =C7*D7 -> 4200 | F7: =IF(B7=Planilha1!$H$2,Planilha1!$G$2,IF(B7=Planilha1!$H$3,Planilha1!$G$3,IF(B7=Planilha1!$H$4,Planilha1!$G$4,0))) -> PROD A | G7: =IF(F7=Planilha1!$D$2,E8-Planilha1!$E$2,IF(F7=Planilha1!$D$3,E7-Planilha1!$E$3,IF(F7=Planilha1!$D$4,E7-Planilha1!$E$4,0)))+IF(D7>3,Planilha1!$E$2,0) -> 5600
A8: ESTANTE | B8: SALA | C8: 800 | D8: 7 | E8: =C8*D8 -> 5600 | F8: =IF(B8=Planilha1!$H$2,Planilha1!$G$2,IF(B8=Planilha1!$H$3,Planilha1!$G$3,IF(B8=Planilha1!$H$4,Planilha1!$G$4,0))) -> PROD C | G8: =IF(F8=Planilha1!$D$2,E9-Planilha1!$E$2,IF(F8=Planilha1!$D$3,E8-Planilha1!$E$3,IF(F8=Planilha1!$D$4,E8-Planilha1!$E$4,0)))+IF(D8>3,Planilha1!$E$2,0) -> 5550
A9: RACK | B9: SALA | C9: 150 | D9: 8 | E9: =C9*D9 -> 1200 | F9: =IF(B9=Planilha1!$H$2,Planilha1!$G$2,IF(B9=Planilha1!$H$3,Planilha1!$G$3,IF(B9=Planilha1!$H$4,Planilha1!$G$4,0))) -> PROD C | G9: =IF(F9=Planilha1!$D$2,E10-Planilha1!$E$2,IF(F9=Planilha1!$D$3,E9-Planilha1!$E$3,IF(F9=Planilha1!$D$4,E9-Planilha1!$E$4,0)))+IF(D9>3,Planilha1!$E$2,0) -> 1150
A10: PUF | B10: QUARTO | C10: 100 | D10: 9 | E10: =C10*D10 -> 900 | F10: =IF(B10=Planilha1!$H$2,Planilha1!$G$2,IF(B10=Planilha1!$H$3,Planilha1!$G$3,IF(B10=Planilha1!$H$4,Planilha1!$G$4,0))) -> PROD A | G10: =IF(F10=Planilha1!$D$2,E11-Planilha1!$E$2,IF(F10=Planilha1!$D$3,E10-Planilha1!$E$3,IF(F10=Planilha1!$D$4,E10-Planilha1!$E$4,0)))+IF(D10>3,Planilha1!$E$2,0) -> 2000
A11: CAMA SOLTEIRO | B11: QUARTO | C11: 200 | D11: 10 | E11: =C11*D11 -> 2000 | F11: =IF(B11=Planilha1!$H$2,Planilha1!$G$2,IF(B11=Planilha1!$H$3,Planilha1!$G$3,IF(B11=Planilha1!$H$4,Planilha1!$G$4,0))) -> PROD A | G11: =IF(F11=Planilha1!$D$2,E12-Planilha1!$E$2,IF(F11=Planilha1!$D$3,E11-Planilha1!$E$3,IF(F11=Planilha1!$D$4,E11-Planilha1!$E$4,0)))+IF(D11>3,Planilha1!$E$2,0) -> 1500
A12: SOFA | B12: SALA | C12: 1500 | D12: 1 | E12: =C12*D12 -> 1500 | F12: =IF(B12=Planilha1!$H$2,Planilha1!$G$2,IF(B12=Planilha1!$H$3,Planilha1!$G$3,IF(B12=Planilha1!$H$4,Planilha1!$G$4,0))) -> PROD C | G12: =IF(F12=Planilha1!$D$2,E13-Planilha1!$E$2,IF(F12=Planilha1!$D$3,E12-Planilha1!$E$3,IF(F12=Planilha1!$D$4,E12-Planilha1!$E$4,0)))+IF(D12>3,Planilha1!$E$2,0) -> 1400
A13: POLTRONOA | B13: SALA | C13: 500 | D13: 2 | E13: =C13*D13 -> 1000 | F13: =IF(B13=Planilha1!$H$2,Planilha1!$G$2,IF(B13=Planilha1!$H$3,Planilha1!$G$3,IF(B13=Planilha1!$H$4,Planilha1!$G$4,0))) -> PROD C | G13: =IF(F13=Planilha1!$D$2,E14-Planilha1!$E$2,IF(F13=Planilha1!$D$3,E13-Planilha1!$E$3,IF(F13=Planilha1!$D$4,E13-Planilha1!$E$4,0)))+IF(D13>3,Planilha1!$E$2,0) -> 900
